id,Count
4987,2142
4988,53
4989,126
4990,313
4991,1630
4992,1604
4993,479
4994,259
4995,1131
4996,170
4997,1139
4998,383
4999,243
5000,232
5001,375
5002,978
5003,640
5004,198
5005,964
5006,820
5007,1241
5008,0
5009,81
5010,943
5011,854
5012,777
5013,0
5014,1429
5015,234
5016,905
5017,81
5018,272
5019,190
5020,93
5021,259
5022,94
5023,674
5024,117
5025,155
5026,655
5027,894
5028,126
5029,1544
5030,813
5031,377
5032,230
5033,261
5034,161
5035,224
5036,1787
5037,955
5038,1264
5039,98
5040,1486
5041,192
5042,247
5043,1184
5044,828
5045,720
5046,1811
5047,92
5048,657
5049,913
5050,594
5051,2272
5052,270
5053,1411
5054,1818
5055,254
5056,610
5057,188
5058,951
5059,37
5060,0
5061,258
5062,423
5063,938
5064,630
5065,185
5066,477
5067,108
5068,391
5069,710
5070,2161
5071,430
5072,423
5073,58
5074,1010
5075,365
5076,252
5077,730
5078,751
5079,1069
5080,267
5081,891
5082,176
5083,814
5084,976
5085,1256
5086,909
5087,350
5088,956
5089,2271
5090,1600
5091,104
5092,607
5093,104
5094,225
5095,430
5096,1077
5097,441
5098,0
5099,177
5100,207
5101,608
5102,195
5103,1450
5104,167
5105,306
5106,343
5107,1137
5108,262
5109,594
5110,475
5111,46
5112,1252
5113,347
5114,4
5115,204
5116,1995
5117,27
5118,57
5119,112
5120,78
5121,1248
5122,334
5123,95
5124,273
5125,1338
5126,204
5127,378
5128,233
5129,312
5130,1395
5131,1225
5132,309
5133,1632
5134,104
5135,312
5136,597
5137,255
5138,773
5139,220
5140,131
5141,236
5142,228
5143,232
5144,209
5145,350
5146,736
5147,503
5148,195
5149,755
5150,653
5151,2808
5152,82
5153,1310
5154,0
5155,911
5156,595
5157,1166
5158,619
5159,264
5160,2282
5161,53
5162,1642
5163,120
5164,28
5165,992
5166,824
5167,626
5168,180
5169,1030
5170,1525
5171,348
5172,153
5173,682
5174,191
5175,857
5176,732
5177,892
5178,1708
5179,342
5180,1333
5181,31
5182,192
5183,367
5184,385
5185,890
5186,293
5187,728
5188,1450
5189,358
5190,95
5191,0
5192,712
5193,3193
5194,837
5195,1833
5196,616
5197,1088
5198,182
5199,1039
5200,994
5201,186
5202,697
5203,661
5204,2433
5205,330
5206,620
5207,667
5208,979
5209,177
5210,1553
5211,832
5212,16
5213,0
5214,929
5215,1204
5216,320
5217,651
5218,539
5219,1390
5220,862
5221,411
5222,142
5223,1097
5224,1327
5225,463
5226,179
5227,450
5228,177
5229,803
5230,1752
5231,1323
5232,695
5233,111
5234,122
5235,224
5236,219
5237,155
5238,251
5239,852
5240,0
5241,258
5242,183
5243,1355
5244,1977
5245,1380
5246,1788
5247,199
5248,548
5249,144
5250,898
5251,562
5252,1344
5253,530
5254,323
5255,1016
5256,1504
5257,153
5258,259
5259,887
5260,401
5261,955
5262,332
5263,755
5264,277
5265,951
5266,1046
5267,421
5268,815
5269,801
5270,48
5271,603
5272,142
5273,1009
5274,168
5275,1724
5276,111
5277,299
5278,122
5279,2232
5280,483
5281,173
5282,275
5283,214
5284,415
5285,642
5286,1025
5287,901
5288,33
5289,731
5290,406
5291,649
5292,150
5293,1846
5294,2057
5295,780
5296,832
5297,242
5298,65
5299,236
5300,277
5301,108
5302,223
5303,900
5304,853
5305,1025
5306,885
5307,292
5308,352
5309,207
5310,167
5311,2608
5312,224
5313,703
5314,422
5315,763
5316,1573
5317,836
5318,815
5319,12
5320,932
5321,779
5322,163
5323,1418
5324,1463
5325,2445
5326,255
5327,173
5328,162
5329,276
5330,1429
5331,76
5332,126
5333,332
5334,574
5335,384
5336,243
5337,72
5338,644
5339,427
5340,476
5341,1081
5342,2382
5343,973
5344,478
5345,381
5346,431
5347,2309
5348,1212
5349,1007
5350,626
5351,417
5352,1242
5353,593
5354,7
5355,1621
5356,614
5357,1284
5358,1058
5359,671
5360,2022
5361,569
5362,63
5363,294
5364,1251
5365,175
5366,869
5367,651
5368,1834
5369,1087
5370,2088
5371,247
5372,719
5373,174
5374,2254
5375,627
5376,1502
5377,1128
5378,832
5379,1198
5380,819
5381,601
5382,935
5383,1210
5384,1528
5385,260
5386,1150
5387,340
5388,670
5389,576
5390,408
5391,378
5392,144
5393,149
5394,791
5395,136
5396,340
5397,43
5398,427
5399,834
5400,286
5401,588
5402,20
5403,1159
5404,336
5405,1682
5406,230
5407,667
5408,428
5409,348
5410,1931
5411,1913
5412,400
5413,1963
5414,1056
5415,0
5416,532
5417,228
5418,700
5419,1253
5420,764
5421,1645
5422,930
5423,1523
5424,267
5425,0
5426,400
5427,135
5428,1783
5429,1318
5430,1011
5431,216
5432,205
5433,764
5434,1091
5435,245
5436,365
5437,426
5438,862
5439,217
5440,317
5441,588
5442,130
5443,1247
5444,750
5445,262
5446,1156
5447,271
5448,67
5449,1115
5450,460
5451,210
5452,1011
5453,0
5454,647
5455,295
5456,2902
5457,23
5458,18
5459,290
5460,432
5461,0
5462,653
5463,105
5464,2130
5465,2530
5466,413
5467,1315
5468,197
5469,340
5470,1014
5471,761
5472,675
5473,165
5474,477
5475,1036
5476,269
5477,750
5478,1621
5479,330
5480,284
5481,224
5482,488
5483,127
5484,67
5485,276
5486,1425
5487,440
5488,1105
5489,1981
5490,928
5491,1126
5492,319
5493,82
5494,633
5495,1768
5496,456
5497,223
5498,113
5499,584
5500,588
5501,1118
5502,286
5503,922
5504,246
5505,0
5506,1049
5507,249
5508,1480
5509,355
5510,889
5511,1081
5512,778
5513,2017
5514,0
5515,951
5516,0
5517,424
5518,440
5519,1775
5520,822
5521,223
5522,212
5523,364
5524,205
5525,131
5526,654
5527,366
5528,404
5529,224
5530,169
5531,508
5532,553
5533,550
5534,1560
5535,73
5536,2750
5537,837
5538,123
5539,348
5540,1105
5541,624
5542,2218
5543,456
5544,132
5545,97
5546,202
5547,423
5548,413
5549,1037
5550,981
5551,392
5552,1991
5553,103
5554,28
5555,364
5556,668
5557,171
5558,1139
5559,2279
5560,798
5561,848
5562,1270
5563,424
5564,1157
5565,1172
5566,229
5567,56
5568,1099
5569,1203
5570,849
5571,802
5572,924
5573,1517
5574,247
5575,701
5576,274
5577,721
5578,296
5579,1390
5580,1500
5581,0
5582,160
5583,298
5584,124
5585,903
5586,1294
5587,252
5588,357
5589,7
5590,148
5591,957
5592,243
5593,253
5594,112
5595,355
5596,37
5597,543
5598,480
5599,511
5600,824
5601,234
5602,323
5603,1103
5604,949
5605,530
5606,319
5607,203
5608,223
5609,415
5610,447
5611,206
5612,166
5613,223
5614,1440
5615,67
5616,1638
5617,71
5618,317
5619,686
5620,1498
5621,2239
5622,1488
5623,1483
5624,757
5625,145
5626,678
5627,450
5628,209
5629,1241
5630,554
5631,1170
5632,744
5633,790
5634,1723
5635,1598
5636,803
5637,310
5638,1188
5639,231
5640,68
5641,373
5642,1023
5643,1055
5644,1546
5645,575
5646,1330
5647,717
5648,363
5649,1053
5650,119
5651,773
5652,122
5653,43
5654,150
5655,650
5656,562
5657,348
5658,684
5659,498
5660,1244
5661,1233
5662,268
5663,112
5664,2199
5665,283
5666,1119
5667,1741
5668,257
5669,1062
5670,2119
5671,694
5672,88
5673,352
5674,2163
5675,1128
5676,1141
5677,84
5678,434
5679,213
5680,94
5681,2441
5682,2021
5683,361
5684,358
5685,733
5686,1080
5687,319
5688,170
5689,1910
5690,572
5691,1502
5692,330
5693,2091
5694,1394
5695,381
5696,94
5697,209
5698,1281
5699,1531
5700,416
5701,635
5702,491
5703,753
5704,436
5705,433
5706,691
5707,637
5708,2349
5709,236
5710,51
5711,666
5712,1356
5713,275
5714,193
5715,371
5716,1038
5717,645
5718,287
5719,1016
5720,1240
5721,1803
5722,1352
5723,310
5724,612
5725,1398
5726,1120
5727,612
5728,460
5729,828
5730,2711
5731,82
5732,490
5733,370
5734,120
5735,397
5736,134
5737,92
5738,612
5739,357
5740,203
5741,402
5742,125
5743,1510
5744,969
5745,800
5746,51
5747,278
5748,1789
5749,165
5750,830
5751,617
5752,710
5753,123
5754,134
5755,721
5756,412
5757,1650
5758,1903
5759,146
5760,0
5761,302
5762,122
5763,265
5764,275
5765,960
5766,115
5767,389
5768,1235
5769,63
5770,2009
5771,257
5772,152
5773,1619
5774,2173
5775,1826
5776,73
5777,1353
5778,263
5779,1287
5780,967
5781,497
5782,1428
5783,110
5784,2018
5785,352
5786,921
5787,1011
5788,893
5789,687
5790,1576
5791,1143
5792,1110
5793,204
5794,1014
5795,417
5796,39
5797,202
5798,1346
5799,1387
5800,1392
5801,348
5802,679
5803,987
5804,2001
5805,491
5806,1129
5807,443
5808,1162
5809,650
5810,2001
5811,1269
5812,266
5813,1533
5814,133
5815,0
5816,1824
5817,1742
5818,1984
5819,51
5820,514
5821,0
5822,155
5823,726
5824,421
5825,168
5826,857
5827,1046
5828,603
5829,292
5830,113
5831,98
5832,862
5833,774
5834,1238
5835,18
5836,808
5837,364
5838,630
5839,637
5840,940
5841,579
5842,1716
5843,1694
5844,477
5845,1165
5846,44
5847,1387
5848,2172
5849,0
5850,1093
5851,1156
5852,639
5853,190
5854,645
5855,448
5856,1077
5857,519
5858,333
5859,177
5860,1617
5861,218
5862,813
5863,30
5864,1194
5865,92
5866,2604
5867,681
5868,496
5869,155
5870,182
5871,209
5872,1586
5873,1043
5874,797
5875,332
5876,29
5877,887
5878,1412
5879,17
5880,55
5881,179
5882,0
5883,1051
5884,714
5885,3
5886,340
5887,241
5888,277
5889,792
5890,342
5891,302
5892,1336
5893,28
5894,606
5895,134
5896,15
5897,230
5898,414
5899,141
5900,184
5901,580
5902,194
5903,1231
5904,1164
5905,489
5906,350
5907,348
5908,124
5909,1170
5910,878
5911,758
5912,0
5913,115
5914,115
5915,1195
5916,780
5917,720
5918,1244
5919,1696
5920,1096
5921,574
5922,275
5923,1010
5924,251
5925,1944
5926,731
5927,98
5928,284
5929,1465
5930,696
5931,219
5932,279
5933,1387
5934,506
5935,71
5936,2209
5937,391
5938,733
5939,77
5940,517
5941,1791
5942,616
5943,1185
5944,310
5945,442
5946,1650
5947,0
5948,241
5949,353
5950,651
5951,38
5952,971
5953,120
5954,559
5955,264
5956,306
5957,1420
5958,314
5959,1009
5960,821
5961,199
5962,1238
5963,126
5964,61
5965,468
5966,1140
5967,680
5968,126
5969,1643
5970,782
5971,904
5972,494
5973,324
5974,157
5975,297
5976,201
5977,172
5978,855
5979,86
5980,226
5981,111
5982,168
5983,216
5984,991
5985,1331
5986,351
5987,962
5988,150
5989,294
5990,1397
5991,132
5992,1016
5993,301
5994,486
5995,955
5996,316
5997,296
5998,1889
5999,246
6000,385
6001,2023
6002,266
6003,208
6004,814
6005,444
6006,0
6007,66
6008,1979
6009,7
6010,569
6011,674
6012,132
6013,1676
6014,112
6015,324
6016,774
6017,321
6018,44
6019,879
6020,231
6021,1156
6022,1566
6023,830
6024,1662
6025,376
6026,547
6027,829
6028,1065
6029,111
6030,967
6031,297
6032,867
6033,194
6034,1264
6035,147
6036,955
6037,305
6038,1411
6039,1357
6040,118
6041,1197
6042,91
6043,169
6044,484
6045,293
6046,682
6047,486
6048,384
6049,341
6050,1913
6051,157
6052,146
6053,2798
6054,78
6055,893
6056,101
6057,204
6058,1844
6059,1593
6060,570
6061,1039
6062,259
6063,838
6064,277
6065,42
6066,93
6067,735
6068,1353
6069,1275
6070,98
6071,922
6072,728
6073,1394
6074,182
6075,79
6076,324
6077,708
6078,301
6079,236
6080,170
6081,787
6082,1507
6083,219
6084,839
6085,10
6086,606
6087,1005
6088,132
6089,743
6090,300
6091,2165
6092,168
6093,127
6094,759
6095,42
6096,61
6097,2274
6098,350
6099,52
6100,475
6101,911
6102,914
6103,52
6104,305
6105,794
6106,1179
6107,82
6108,583
6109,167
6110,226
6111,294
6112,535
6113,685
6114,1281
6115,325
6116,809
6117,1583
6118,174
6119,89
6120,1414
6121,18
6122,108
6123,201
6124,786
6125,322
6126,253
6127,1717
6128,444
6129,346
6130,453
6131,1176
6132,329
6133,1485
6134,29
6135,1768
6136,1307
6137,292
6138,1298
6139,284
6140,1517
6141,1267
6142,1049
6143,189
6144,143
6145,171
6146,1215
6147,623
6148,659
6149,290
6150,682
6151,481
6152,1192
6153,992
6154,109
6155,232
6156,595
6157,1326
6158,1661
6159,0
6160,851
6161,252
6162,181
6163,208
6164,0
6165,403
6166,103
6167,699
6168,368
6169,652
6170,948
6171,962
6172,1979
6173,318
6174,1738
6175,275
6176,344
6177,2477
6178,1762
6179,705
6180,179
6181,118
6182,926
6183,1098
6184,526
6185,1001
6186,1068
6187,1222
6188,446
6189,145
6190,1008
6191,262
6192,234
6193,2371
6194,93
6195,2165
6196,108
6197,1159
6198,815
6199,1410
6200,2324
6201,522
6202,1111
6203,530
6204,1127
6205,867
6206,1195
6207,950
6208,1587
6209,2602
6210,1521
6211,1648
6212,1408
6213,1053
6214,308
6215,47
6216,397
6217,114
6218,486
6219,821
6220,195
6221,45
6222,340
6223,199
6224,1865
6225,23
6226,550
6227,1394
6228,59
6229,673
6230,948
6231,976
6232,142
6233,399
6234,388
6235,708
6236,113
6237,155
6238,95
6239,176
6240,541
6241,53
6242,177
6243,1081
6244,223
6245,1008
6246,779
6247,445
6248,238
6249,724
6250,527
6251,61
6252,1855
6253,153
6254,285
6255,100
6256,839
6257,207
6258,141
6259,106
6260,530
6261,506
6262,64
6263,350
6264,855
6265,250
6266,346
6267,468
6268,855
6269,93
6270,142
6271,337
6272,165
6273,2646
6274,211
6275,1714
6276,338
6277,308
6278,975
6279,2526
6280,1054
6281,1143
6282,812
6283,0
6284,242
6285,2864
6286,0
6287,395
6288,245
6289,1209
6290,1389
6291,55
6292,742
6293,393
6294,44
6295,1185
6296,1371
6297,1003
6298,674
6299,67
6300,181
6301,109
6302,141
6303,387
6304,749
6305,463
6306,1633
6307,369
6308,197
6309,886
6310,110
6311,0
6312,1792
6313,790
6314,250
6315,1506
6316,159
6317,1820
6318,351
6319,1969
6320,1400
6321,369
6322,2326
6323,1989
6324,582
6325,648
6326,38
6327,343
6328,1591
6329,993
6330,1127
6331,636
6332,428
6333,6
6334,2203
6335,1989
6336,1831
6337,8
6338,1368
6339,1708
6340,791
6341,259
6342,257
6343,49
6344,1518
6345,847
6346,36
6347,659
6348,441
6349,988
6350,1291
6351,1596
6352,375
6353,316
6354,142
6355,1548
6356,1571
6357,433
6358,48
6359,652
6360,400
6361,846
6362,2835
6363,840
6364,1942
6365,455
6366,2014
6367,224
6368,226
6369,231
6370,478
6371,135
6372,2073
6373,574
6374,283
6375,115
6376,231
6377,348
6378,212
6379,1857
6380,1663
6381,129
6382,1911
6383,1241
6384,2154
6385,712
6386,998
6387,1852
6388,295
6389,298
6390,698
6391,143
6392,1256
6393,1367
6394,1317
6395,970
6396,669
6397,878
6398,684
6399,391
6400,248
6401,2181
6402,236
6403,291
6404,482
6405,1588
6406,9
6407,1739
6408,596
6409,524
6410,1067
6411,1537
6412,760
6413,16
6414,724
6415,79
6416,184
6417,380
6418,429
6419,101
6420,52
6421,863
6422,779
6423,144
6424,1209
6425,0
6426,269
6427,28
6428,190
6429,150
6430,922
6431,680
6432,78
6433,218
6434,88
6435,1012
6436,87
6437,308
6438,236
6439,380
6440,285
6441,449
6442,548
6443,519
6444,263
6445,1562
6446,941
6447,1205
6448,1874
6449,168
6450,762
6451,993
6452,1776
6453,998
6454,1866
6455,1006
6456,2525
6457,2416
6458,473
6459,167
6460,985
6461,1752
6462,837
6463,426
6464,1702
6465,2029
6466,814
6467,910
6468,9
6469,1972
6470,289
6471,1264
6472,177
6473,1242
6474,688
6475,2136
6476,1144
6477,1842
6478,237
6479,384
6480,1479
6481,84
6482,1566
6483,683
6484,288
6485,1499
6486,246
6487,411
6488,1333
6489,312
6490,1123
6491,408
6492,104
6493,583
6494,274
6495,195
6496,45
6497,148
6498,201
6499,135
6500,202
6501,887
6502,0
6503,367
6504,584
6505,216
6506,993
6507,1179
6508,127
6509,195
6510,320
6511,393
6512,182
6513,60
6514,139
6515,212
6516,123
6517,1435
6518,284
6519,490
6520,150
6521,911
6522,47
6523,1321
6524,1102
6525,162
6526,515
6527,1102
6528,620
6529,931
6530,370
6531,189
6532,1005
6533,456
6534,217
6535,1226
6536,665
6537,609
6538,259
6539,252
6540,1056
6541,1599
6542,9
6543,645
6544,117
6545,88
6546,167
6547,140
6548,193
6549,5
6550,410
6551,1084
6552,2185
6553,588
6554,147
6555,1097
6556,675
6557,1064
6558,431
6559,1721
6560,2122
6561,195
6562,328
6563,1005
6564,646
6565,301
6566,1606
6567,1020
6568,1818
6569,1091
6570,1915
6571,248
6572,435
6573,52
6574,0
6575,0
6576,1170
6577,601
6578,114
6579,1472
6580,1207
6581,177
6582,1308
6583,618
6584,395
6585,318
6586,236
6587,114
6588,2309
6589,97
6590,135
6591,56
6592,1057
6593,98
6594,0
6595,174
6596,450
6597,167
6598,1844
6599,1178
6600,182
6601,1453
6602,84
6603,0
6604,322
6605,115
6606,82
6607,2062
6608,2173
6609,760
6610,456
6611,1234
6612,592
6613,118
6614,103
6615,712
6616,988
6617,673
6618,1574
6619,128
6620,1384
6621,286
6622,1062
6623,865
6624,395
6625,1008
6626,1489
6627,1929
6628,1874
6629,1341
6630,167
6631,285
6632,111
6633,1060
6634,666
6635,1351
6636,1356
6637,219
6638,1432
6639,1783
6640,901
6641,223
6642,179
6643,274
6644,685
6645,159
6646,305
6647,408
6648,98
6649,822
6650,1298
6651,1091
6652,441
6653,1305
6654,36
6655,74
6656,160
6657,651
6658,288
6659,633
6660,1007
6661,1095
6662,150
6663,150
6664,1182
6665,127
6666,198
6667,740
6668,156
6669,1644
6670,1140
6671,565
6672,2303
6673,1067
6674,1329
6675,78
6676,72
6677,123
6678,1360
6679,1247
6680,1383
6681,134
6682,1546
6683,1015
6684,543
6685,279
6686,492
6687,185
6688,397
6689,799
6690,148
6691,7
6692,367
6693,1634
6694,1782
6695,859
6696,573
6697,411
6698,1756
6699,824
6700,1025
6701,938
6702,0
6703,50
6704,383
6705,61
6706,1383
6707,1928
6708,56
6709,65
6710,755
6711,391
6712,115
6713,410
6714,95
6715,757
6716,526
6717,238
6718,318
6719,711
6720,1740
6721,194
6722,1695
6723,316
6724,0
6725,141
6726,802
6727,1163
6728,1954
6729,8
6730,180
6731,2802
6732,92
6733,2349
6734,215
6735,41
6736,1876
6737,2018
6738,513
6739,2198
6740,1076
6741,269
6742,1139
6743,291
6744,2079
6745,1022
6746,394
6747,914
6748,208
6749,212
6750,1052
6751,316
6752,652
6753,333
6754,1276
6755,280
6756,97
6757,1536
6758,978
6759,0
6760,1786
6761,2895
6762,2091
6763,1188
6764,130
6765,583
6766,1428
6767,473
6768,286
6769,1134
6770,148
6771,568
6772,1052
6773,37
6774,63
6775,1196
6776,250
6777,0
6778,1003
6779,377
6780,1090
6781,441
6782,384
6783,1107
6784,280
6785,345
6786,230
6787,237
6788,0
6789,420
6790,1564
6791,1275
6792,529
6793,270
6794,1043
6795,1529
6796,59
6797,717
6798,861
6799,333
6800,872
6801,240
6802,1205
6803,565
6804,1882
6805,236
6806,1099
6807,452
6808,570
6809,1743
6810,734
6811,334
6812,260
6813,1130
6814,1067
6815,277
6816,1608
6817,427
6818,1403
6819,211
6820,1913
6821,258
6822,0
6823,652
6824,93
6825,1198
6826,2102
6827,402
6828,922
6829,167
6830,2582
6831,524
6832,193
6833,1214
6834,760
6835,611
6836,1089
6837,756
6838,53
6839,388
6840,259
6841,0
6842,343
6843,261
6844,836
6845,779
6846,0
6847,335
6848,360
6849,177
6850,179
6851,1691
6852,371
6853,362
6854,179
6855,1982
6856,190
6857,101
6858,1760
6859,1445
6860,828
6861,1174
6862,1410
6863,533
6864,51
6865,1005
6866,253
6867,530
6868,105
6869,797
6870,713
6871,254
6872,1021
6873,75
6874,478
6875,1883
6876,717
6877,137
6878,408
6879,320
6880,134
6881,1800
6882,1615
6883,2498
6884,813
6885,252
6886,841
6887,669
6888,118
6889,1107
6890,740
6891,1546
6892,525
6893,1192
6894,299
6895,416
6896,459
6897,325
6898,638
6899,212
6900,464
6901,964
6902,109
6903,866
6904,321
6905,723
6906,1817
6907,463
6908,1163
6909,294
6910,1093
6911,764
6912,64
6913,1145
6914,269
6915,121
6916,1539
6917,316
6918,189
6919,480
6920,44
6921,905
6922,243
6923,914
6924,375
6925,545
6926,2275
6927,1313
6928,1388
6929,1388
6930,177
6931,806
6932,348
6933,2199
6934,1264
6935,64
6936,13
6937,263
6938,2259
6939,895
6940,2016
6941,577
6942,0
6943,45
6944,1686
6945,169
6946,286
6947,0
6948,1756
6949,1673
6950,1862
6951,2223
6952,2457
6953,477
6954,1794
6955,717
6956,1114
6957,364
6958,229
6959,361
6960,2184
6961,365
6962,0
6963,1049
6964,385
6965,702
6966,389
6967,828
6968,210
6969,59
6970,1148
6971,238
6972,13
6973,791
6974,858
6975,715
6976,1428
6977,217
6978,118
6979,97
6980,275
6981,198
6982,234
6983,222
6984,2031
6985,1558
6986,488
6987,67
6988,329
6989,1175
6990,25
6991,951
6992,286
6993,294
6994,1739
6995,305
6996,96
6997,1763
6998,686
6999,98
7000,484
7001,79
7002,274
7003,975
7004,668
7005,340
7006,266
7007,68
7008,365
7009,1413
7010,861
7011,1100
7012,31
7013,0
7014,717
7015,52
7016,291
7017,177
7018,1510
7019,112
7020,1945
7021,1062
7022,20
7023,1436
7024,806
7025,2050
7026,620
7027,318
7028,1416
7029,2398
7030,2050
7031,0
7032,822
7033,189
7034,791
7035,0
7036,615
7037,649
7038,15
7039,326
7040,367
7041,347
7042,917
7043,334
7044,1267
7045,198
7046,234
7047,218
7048,59
7049,61
7050,427
7051,126
7052,978
7053,461
7054,739
7055,537
7056,370
7057,65
7058,1495
7059,255
7060,269
7061,1830
7062,1004
7063,228
7064,1248
7065,527
7066,159
7067,2089
7068,1029
7069,1070
7070,226
7071,1421
7072,1463
7073,2166
7074,494
7075,1173
7076,244
7077,827
7078,0
7079,286
7080,256
7081,217
7082,480
7083,1181
7084,0
7085,439
7086,99
7087,1279
7088,0
7089,459
7090,822
7091,952
7092,39
7093,218
7094,1363
7095,1456
7096,394
7097,804
7098,255
7099,371
7100,1781
7101,974
7102,1192
7103,26
7104,315
7105,169
7106,1212
7107,51
7108,743
7109,795
7110,0
7111,990
7112,429
7113,225
7114,115
7115,243
7116,500
7117,627
7118,329
7119,762
7120,1396
7121,1850
7122,1674
7123,276
7124,1113
7125,606
7126,2397
7127,535
7128,1081
7129,2361
7130,195
7131,546
7132,2331
7133,523
7134,2044
7135,900
7136,64
7137,148
7138,477
7139,1235
7140,0
7141,1222
7142,1744
7143,140
7144,38
7145,2926
7146,1287
7147,1416
7148,1499
7149,555
7150,187
7151,203
7152,243
7153,178
7154,4
7155,872
7156,1950
7157,1338
7158,458
7159,611
7160,1429
7161,195
7162,374
7163,441
7164,297
7165,1559
7166,245
7167,496
7168,1732
7169,1582
7170,844
7171,629
7172,101
7173,338
7174,19
7175,363
7176,635
7177,138
7178,3178
7179,383
7180,264
7181,304
7182,397
7183,1166
7184,578
7185,1992
7186,190
7187,1336
7188,133
7189,57
7190,1405
7191,644
7192,333
7193,300
7194,238
7195,989
7196,622
7197,90
7198,391
7199,1296
7200,905
7201,304
7202,82
7203,1756
7204,114
7205,988
7206,379
7207,961
7208,180
7209,959
7210,1371
7211,541
7212,112
7213,395
7214,28
7215,308
7216,284
7217,895
7218,1339
7219,279
7220,89
7221,988
7222,145
7223,1027
7224,138
7225,126
7226,18
7227,879
7228,183
7229,942
7230,69
7231,278
7232,730
7233,136
7234,2435
7235,1062
7236,27
7237,294
7238,1370
7239,75
7240,266
7241,2120
7242,197
7243,677
7244,1152
7245,349
7246,0
7247,1090
7248,449
7249,241
7250,556
7251,1150
7252,546
7253,806
7254,615
7255,518
7256,118
7257,570
7258,1582
7259,818
7260,2567
7261,612
7262,203
7263,34
7264,847
7265,1050
7266,603
7267,323
7268,416
7269,387
7270,44
7271,316
7272,123
7273,43
7274,48
7275,190
7276,426
7277,1413
7278,409
7279,204
7280,845
7281,179
7282,640
7283,53
7284,1049
7285,627
7286,811
7287,686
7288,243
7289,73
7290,702
7291,37
7292,581
7293,1164
7294,109
7295,1270
7296,389
7297,701
7298,73
7299,2018
7300,207
7301,296
7302,1047
7303,561
7304,175
7305,521
7306,765
7307,0
7308,182
7309,40
7310,1292
7311,542
7312,2834
7313,971
7314,722
7315,868
7316,2023
7317,938
7318,1194
7319,37
7320,1235
7321,287
7322,1329
7323,359
7324,182
7325,7
7326,570
7327,299
7328,902
7329,221
7330,1719
7331,150
7332,1258
7333,541
7334,29
7335,79
7336,512
7337,1715
7338,538
7339,64
7340,1987
7341,257
7342,2106
7343,2191
7344,280
7345,199
7346,445
7347,1503
7348,516
7349,2426
7350,728
7351,633
7352,407
7353,651
7354,1155
7355,43
7356,256
7357,136
7358,255
7359,131
7360,678
7361,107
7362,1203
7363,9
7364,229
7365,364
7366,49
7367,34
7368,155
7369,42
7370,869
7371,557
7372,942
7373,523
7374,620
7375,137
7376,873
7377,284
7378,365
7379,161
7380,1855
7381,1574
7382,126
7383,1824
7384,778
7385,1514
7386,858
7387,2986
7388,1068
7389,1163
7390,207
7391,318
7392,250
7393,348
7394,563
7395,500
7396,135
7397,198
7398,804
7399,127
7400,1752
7401,0
7402,1200
7403,380
7404,495
7405,46
7406,212
7407,150
7408,2058
7409,407
7410,0
7411,1034
7412,520
7413,901
7414,175
7415,1039
7416,158
7417,301
7418,242
7419,1264
7420,52
7421,1953
7422,185
7423,317
7424,259
7425,1780
7426,1279
7427,1117
7428,813
7429,541
7430,69
7431,640
7432,391
7433,1393
7434,891
7435,1220
7436,656
7437,1731
7438,208
7439,38
7440,884
7441,119
7442,1640
7443,1623
7444,1203
7445,727
7446,206
7447,347
7448,108
7449,633
7450,1686
7451,113
7452,718
7453,104
7454,241
7455,0
7456,1123
7457,152
7458,19
7459,3174
7460,1235
7461,297
7462,1240
7463,2143
7464,261
7465,24
7466,1589
7467,506
7468,733
7469,1188
7470,2027
7471,102
7472,413
7473,560
7474,100
7475,339
7476,2122
7477,696
7478,736
7479,1236
7480,512
7481,246
7482,269
7483,229
7484,989
7485,132
7486,175
7487,60
7488,1824
7489,0
7490,20
7491,139
7492,125
7493,468
7494,277
7495,533
7496,264
7497,1063
7498,362
7499,850
7500,616
7501,1536
7502,698
7503,20
7504,667
7505,196
7506,1597
7507,742
7508,194
7509,75
7510,1109
7511,902
7512,86
7513,948
7514,405
7515,253
7516,604
7517,615
7518,374
7519,86
7520,1748
7521,286
7522,749
7523,190
7524,137
7525,198
7526,123
7527,0
7528,689
7529,197
7530,745
7531,242
7532,61
7533,1101
7534,290
7535,325
7536,208
7537,286
7538,501
7539,43
7540,247
7541,50
7542,429
7543,904
7544,1514
7545,178
7546,1724
7547,132
7548,340
7549,1191
7550,53
7551,1352
7552,287
7553,88
7554,335
7555,159
7556,117
7557,267
7558,738
7559,1128
7560,1816
7561,439
7562,260
7563,13
7564,80
7565,257
7566,578
7567,2398
7568,300
7569,529
7570,225
7571,745
7572,1205
7573,297
7574,271
7575,1923
7576,674
7577,26
7578,205
7579,764
7580,760
7581,532
7582,1364
7583,1385
7584,229
7585,304
7586,684
7587,133
7588,256
7589,718
7590,1183
7591,246
7592,696
7593,188
7594,1336
7595,147
7596,708
7597,239
7598,35
7599,363
7600,1710
7601,1248
7602,1354
7603,1996
7604,1455
7605,1119
7606,450
7607,186
7608,192
7609,136
7610,1663
7611,726
7612,2126
7613,815
7614,125
7615,103
7616,364
7617,13
7618,1396
7619,488
7620,387
7621,59
7622,733
7623,1013
7624,538
7625,115
7626,953
7627,698
7628,1891
7629,100
7630,355
7631,854
7632,1227
7633,855
7634,310
7635,1835
7636,764
7637,2030
7638,1
7639,276
7640,1656
7641,0
7642,282
7643,43
7644,302
7645,133
7646,273
7647,0
7648,56
7649,1401
7650,362
7651,724
7652,1910
7653,18
7654,758
7655,513
7656,159
7657,11
7658,352
7659,107
7660,982
7661,278
7662,318
7663,907
7664,198
7665,303
7666,515
7667,40
7668,88
7669,2445
7670,2189
7671,769
7672,66
7673,516
7674,261
7675,162
7676,195
7677,543
7678,849
7679,129
7680,1139
7681,1709
7682,410
7683,126
7684,734
7685,1442
7686,205
7687,257
7688,1741
7689,490
7690,303
7691,728
7692,1607
7693,1733
7694,235
7695,243
7696,45
7697,680
7698,1251
7699,54
7700,0
7701,1206
7702,283
7703,1532
7704,1338
7705,132
7706,972
7707,991
7708,1164
7709,88
7710,144
7711,252
7712,1963
7713,178
7714,222
7715,1570
7716,310
7717,104
7718,2424
7719,583
7720,1566
7721,553
7722,278
7723,567
7724,325
7725,150
7726,70
7727,258
7728,1272
7729,1020
7730,144
7731,866
7732,1281
7733,364
7734,1209
7735,1071
7736,219
7737,144
7738,2230
7739,585
7740,308
7741,647
7742,216
7743,1014
7744,179
7745,1004
7746,905
7747,301
7748,525
7749,59
7750,111
7751,1559
7752,71
7753,1605
7754,784
7755,329
7756,187
7757,96
7758,759
7759,639
7760,1882
7761,603
7762,1000
7763,167
7764,5
7765,149
7766,1758
7767,556
7768,84
7769,43
7770,689
7771,233
7772,350
7773,1030
7774,307
7775,601
7776,599
7777,632
7778,1343
7779,1076
7780,1111
7781,0
7782,363
7783,276
7784,1813
7785,321
7786,2214
7787,1146
7788,515
7789,306
7790,1839
7791,247
7792,92
7793,452
7794,861
7795,654
7796,1147
7797,855
7798,1697
7799,345
7800,1063
7801,1370
7802,251
7803,430
7804,59
7805,744
7806,883
7807,1863
7808,1489
7809,94
7810,2097
7811,1044
7812,492
7813,350
7814,320
7815,274
7816,1020
7817,700
7818,28
7819,719
7820,351
7821,313
7822,1935
7823,1774
7824,731
7825,196
7826,694
7827,438
7828,589
7829,1311
7830,292
7831,509
7832,1614
7833,661
7834,78
7835,639
7836,13
7837,263
7838,616
7839,1335
7840,1098
7841,1337
7842,283
7843,770
7844,380
7845,1299
7846,1024
7847,104
7848,516
7849,1781
7850,110
7851,497
7852,332
7853,118
7854,277
7855,317
7856,1512
7857,2069
7858,59
7859,1330
7860,317
7861,1042
7862,650
7863,843
7864,52
7865,1257
7866,48
7867,1214
7868,420
7869,636
7870,1654
7871,850
7872,439
7873,1243
7874,963
7875,493
7876,732
7877,90
7878,1500
7879,923
7880,2054
7881,126
7882,362
7883,6
7884,255
7885,971
7886,1396
7887,976
7888,136
7889,313
7890,94
7891,5
7892,718
7893,245
7894,94
7895,731
7896,1868
7897,1387
7898,1549
7899,240
7900,456
7901,1986
7902,236
7903,233
7904,518
7905,48
7906,1354
7907,357
7908,413
7909,229
7910,103
7911,193
7912,39
7913,1150
7914,1745
7915,471
7916,435
7917,1976
7918,824
7919,1125
7920,1005
7921,52
7922,730
7923,918
7924,260
7925,2140
7926,0
7927,1529
7928,136
7929,699
7930,255
7931,2448
7932,1502
7933,268
7934,275
7935,212
7936,172
7937,1278
7938,1380
7939,2204
7940,275
7941,1699
7942,1784
7943,240
7944,229
7945,353
7946,777
7947,259
7948,241
7949,499
7950,1386
7951,344
7952,143
7953,0
7954,451
7955,2421
7956,417
7957,1667
7958,20
7959,106
7960,901
7961,992
7962,669
7963,1110
7964,247
7965,1898
7966,181
7967,1767
7968,925
7969,51
7970,2227
7971,163
7972,2088
7973,1496
7974,2024
7975,269
7976,1137
7977,146
7978,1868
7979,0
7980,254
7981,439
7982,190
7983,112
7984,178
7985,1046
7986,300
7987,1163
7988,166
7989,1075
7990,168
7991,332
7992,128
7993,1289
7994,218
7995,769
7996,835
7997,1620
7998,55
7999,310
8000,311
8001,512
8002,1322
8003,473
8004,980
8005,253
8006,107
8007,227
8008,692
8009,180
8010,2038
8011,156
8012,946
8013,915
8014,574
8015,2372
8016,2095
8017,1243
8018,1213
8019,34
8020,561
8021,237
8022,638
8023,1120
8024,419
8025,2325
8026,72
8027,650
8028,729
8029,1802
8030,1661
8031,260
8032,368
8033,1042
8034,85
8035,649
8036,893
8037,1439
8038,770
8039,661
8040,522
8041,551
8042,2388
8043,941
8044,318
8045,734
8046,223
8047,135
8048,1577
8049,325
8050,588
8051,1254
8052,939
8053,71
8054,558
8055,921
8056,0
8057,105
8058,142
8059,1332
8060,141
8061,271
8062,1075
8063,752
8064,114
8065,1797
8066,1179
8067,595
8068,207
8069,1810
8070,958
8071,937
8072,1979
8073,183
8074,257
8075,833
8076,471
8077,95
8078,0
8079,332
8080,1523
8081,824
8082,488
8083,40
8084,1078
8085,966
8086,111
8087,994
8088,321
8089,666
8090,1453
8091,267
8092,2514
8093,146
8094,1683
8095,626
8096,1031
8097,295
8098,927
8099,636
8100,505
8101,169
8102,98
8103,293
8104,81
8105,1023
8106,2036
8107,2251
8108,1968
8109,357
8110,230
8111,2011
8112,88
8113,492
8114,186
8115,222
8116,1767
8117,1932
8118,1374
8119,1421
8120,723
8121,683
8122,256
8123,152
8124,377
8125,246
8126,465
8127,803
8128,2129
8129,336
8130,1618
8131,269
8132,618
8133,33
8134,92
8135,130
8136,601
8137,711
8138,34
8139,365
8140,331
8141,1695
8142,812
8143,1108
8144,604
8145,423
8146,131
8147,183
8148,231
8149,228
8150,1460
8151,1061
8152,993
8153,191
8154,1263
8155,729
8156,657
8157,0
8158,414
8159,1010
8160,213
8161,359
8162,395
8163,190
8164,626
8165,285
8166,157
8167,184
8168,172
8169,1081
8170,504
8171,1176
8172,521
8173,200
8174,1176
8175,954
8176,69
8177,305
8178,494
8179,943
8180,989
8181,2232
8182,100
8183,362
8184,962
8185,413
8186,749
8187,0
8188,303
8189,1298
8190,931
8191,391
8192,445
8193,1281
8194,302
8195,195
8196,87
8197,465
8198,639
8199,1009
8200,182
8201,325
8202,110
8203,750
8204,107
8205,2127
8206,346
8207,0
8208,375
8209,1532
8210,893
8211,167
8212,646
8213,436
8214,436
8215,420
8216,619
8217,157
8218,577
8219,77
8220,547
8221,26
8222,218
8223,1983
8224,552
8225,1473
8226,403
8227,291
8228,322
8229,102
8230,80
8231,21
8232,397
8233,922
8234,253
8235,1014
8236,474
8237,707
8238,185
8239,155
8240,808
8241,38
8242,427
8243,42
8244,349
8245,1037
8246,248
8247,381
8248,189
8249,0
8250,1114
8251,1517
8252,346
8253,86
8254,638
8255,621
8256,165
8257,792
8258,173
8259,1706
8260,176
8261,628
8262,572
8263,491
8264,625
8265,1179
8266,1229
8267,978
8268,135
8269,714
8270,331
8271,875
8272,551
8273,1653
8274,199
8275,1572
8276,48
8277,1777
8278,984
8279,525
8280,1999
8281,592
8282,132
8283,1164
8284,174
8285,309
8286,377
8287,40
8288,856
8289,1397
8290,1503
8291,213
8292,304
8293,1245
8294,567
8295,119
8296,237
8297,623
8298,234
8299,356
8300,691
8301,223
8302,385
8303,42
8304,0
8305,1995
8306,877
8307,105
8308,394
8309,166
8310,462
8311,1196
8312,482
8313,379
8314,60
8315,200
8316,136
8317,315
8318,22
8319,1218
8320,257
8321,138
8322,140
8323,360
8324,308
8325,161
8326,284
8327,57
8328,41
8329,1762
8330,1257
8331,2133
8332,250
8333,982
8334,85
8335,294
8336,189
8337,700
8338,1460
8339,118
8340,234
8341,1893
8342,1763
8343,2484
8344,362
8345,1312
8346,894
8347,204
8348,235
8349,1177
8350,1111
8351,132
8352,319
8353,1728
8354,0
8355,1138
8356,32
8357,977
8358,151
8359,1009
8360,42
8361,0
8362,1641
8363,454
8364,175
8365,438
8366,590
8367,1300
8368,1659
8369,163
8370,1894
8371,1045
8372,128
8373,582
8374,510
8375,497
8376,790
8377,197
8378,1690
8379,944
8380,438
8381,1312
8382,664
8383,1451
8384,1010
8385,2124
8386,320
8387,2017
8388,785
8389,2162
8390,775
8391,442
8392,518
8393,905
8394,1022
8395,288
8396,308
8397,574
8398,138
8399,370
8400,728
8401,267
8402,1614
8403,918
8404,295
8405,229
8406,2347
8407,41
8408,435
8409,704
8410,868
8411,10
8412,303
8413,1324
8414,168
8415,650
8416,145
8417,341
8418,96
8419,1229
8420,1286
8421,133
8422,1168
8423,389
8424,981
8425,724
8426,2324
8427,675
8428,36
8429,2096
8430,781
8431,310
8432,2214
8433,828
8434,241
8435,579
8436,0
8437,51
8438,478
8439,527
8440,846
8441,329
8442,710
8443,259
8444,1135
8445,713
8446,1840
8447,176
8448,105
8449,1153
8450,358
8451,578
8452,2871
8453,354
8454,430
8455,320
8456,1365
8457,1783
8458,379
8459,1610
8460,2259
8461,197
8462,372
8463,331
8464,2331
8465,574
8466,1959
8467,84
8468,669
8469,2188
8470,381
8471,1694
8472,919
8473,285
8474,114
8475,1230
8476,2092
8477,236
8478,1394
8479,1219
8480,808
8481,0
8482,119
8483,489
8484,221
8485,1356
8486,72
8487,65
8488,674
8489,1348
8490,219
8491,623
8492,1102
8493,286
8494,142
8495,2177
8496,864
8497,2533
8498,497
8499,1161
8500,1386
8501,1867
8502,1143
8503,27
8504,366
8505,886
8506,460
8507,1069
8508,1645
8509,880
8510,950
8511,0
8512,1834
8513,126
8514,2014
8515,417
8516,235
8517,777
8518,1565
8519,78
8520,1308
8521,1408
8522,897
8523,540
8524,837
8525,1172
8526,2225
8527,945
8528,1321
8529,89
8530,334
8531,0
8532,55
8533,136
8534,276
8535,57
8536,2609
8537,257
8538,425
8539,418
8540,368
8541,217
8542,113
8543,290
8544,1139
8545,727
8546,273
8547,1892
8548,2457
8549,856
8550,199
8551,247
8552,200
8553,1019
8554,162
8555,1655
8556,188
8557,66
8558,76
8559,185
8560,1994
8561,147
8562,269
8563,143
8564,618
8565,1015
8566,145
8567,60
8568,1870
8569,233
8570,356
8571,263
8572,2061
8573,422
8574,745
8575,216
8576,1051
8577,300
8578,1431
8579,0
8580,1157
8581,0
8582,227
8583,1131
8584,195
8585,808
8586,76
8587,249
8588,72
8589,415
8590,1347
8591,0
8592,521
8593,1617
8594,92
8595,202
8596,146
8597,538
8598,1943
8599,0
8600,637
8601,381
8602,118
8603,244
8604,799
8605,2258
8606,1080
8607,966
8608,957
8609,889
8610,2123
8611,376
8612,1579
8613,355
8614,2733
8615,233
8616,1437
8617,506
8618,297
8619,88
8620,615
8621,243
8622,209
8623,579
8624,1081
8625,125
8626,724
8627,1484
8628,1579
8629,1191
8630,617
8631,247
8632,553
8633,2668
8634,641
8635,85
8636,307
8637,283
8638,322
8639,257
8640,764
8641,37
8642,718
8643,288
8644,1306
8645,546
8646,793
8647,2013
8648,1386
8649,370
8650,92
8651,1789
8652,0
8653,128
8654,633
8655,1749
8656,2201
8657,963
8658,934
8659,103
8660,1146
8661,255
8662,143
8663,1172
8664,489
8665,676
8666,191
8667,128
8668,1036
8669,76
8670,504
8671,729
8672,43
8673,247
8674,11
8675,1018
8676,1730
8677,907
8678,919
8679,2566
8680,233
8681,1744
8682,573
8683,207
8684,0
8685,186
8686,1678
8687,1290
8688,131
8689,815
8690,186
8691,657
8692,119
8693,499
8694,864
8695,1303
8696,1157
8697,303
8698,422
8699,173
8700,1415
8701,93
8702,2673
8703,214
8704,1067
8705,1078
8706,18
8707,546
8708,147
8709,1675
8710,1364
8711,117
8712,1918
8713,1019
8714,170
8715,1009
8716,313
8717,253
8718,2360
8719,756
8720,1998
8721,188
8722,296
8723,1072
8724,1749
8725,169
8726,300
8727,156
8728,1051
8729,236
8730,1389
8731,1076
8732,231
8733,263
8734,1368
8735,2345
8736,269
8737,1798
8738,1585
8739,106
8740,394
8741,468
8742,626
8743,77
8744,478
8745,931
8746,388
8747,471
8748,215
8749,460
8750,960
8751,1959
8752,969
8753,1286
8754,336
8755,874
8756,2108
8757,905
8758,679
8759,241
8760,877
